[{"model": "scanner.membershiptype", "pk": 1, "fields": {"remote_key": "1", "name": "Individual", "allow_event_entry": true}}, {"model": "scanner.membershiptype", "pk": 2, "fields": {"remote_key": "2", "name": "Family", "allow_event_entry": true}}, {"model": "scanner.membershiptype", "pk": 3, "fields": {"remote_key": "3", "name": "Pensioner (Quarterly)", "allow_event_entry": true}}, {"model": "scanner.membershiptype", "pk": 4, "fields": {"remote_key": "4", "name": "Pensioner (Yearly)", "allow_event_entry": true}}, {"model": "scanner.membershiptype", "pk": 5, "fields": {"remote_key": "5", "name": "Honorary", "allow_event_entry": true}}, {"model": "scanner.membershiptype", "pk": 6, "fields": {"remote_key": "6", "name": "Corporate", "allow_event_entry": true}}, {"model": "scanner.membershiptype", "pk": 7, "fields": {"remote_key": "7", "name": "Student A", "allow_event_entry": true}}, {"model": "scanner.membershiptype", "pk": 8, "fields": {"remote_key": "8", "name": "Other", "allow_event_entry": false}}, {"model": "scanner.membershiptype", "pk": 9, "fields": {"remote_key": "9", "name": "Add On - Office 365 ProPlus", "allow_event_entry": false}}, {"model": "scanner.membershiptype", "pk": 10, "fields": {"remote_key": "10", "name": "Office 365 ProPlus", "allow_event_entry": false}}, {"model": "scanner.membershiptype", "pk": 11, "fields": {"remote_key": "11", "name": "PC Update Newsletter", "allow_event_entry": false}}, {"model": "scanner.membershiptype", "pk": 12, "fields": {"remote_key": "12", "name": "Monthly Disc", "allow_event_entry": false}}, {"model": "scanner.membershiptype", "pk": 13, "fields": {"remote_key": "13", "name": "Individual + 1 Family Member", "allow_event_entry": true}}, {"model": "scanner.membershiptype", "pk": 14, "fields": {"remote_key": "14", "name": "Individual + 2 Family Members", "allow_event_entry": true}}, {"model": "scanner.membershiptype", "pk": 15, "fields": {"remote_key": "15", "name": "Pensioner (Yearly) + 1 Family Member", "allow_event_entry": true}}, {"model": "scanner.membershiptype", "pk": 16, "fields": {"remote_key": "16", "name": "Pensioner (Yearly) + 2 Family Members", "allow_event_entry": true}}, {"model": "scanner.membershiptype", "pk": 17, "fields": {"remote_key": "17", "name": "Honorary + 1 Family Member", "allow_event_entry": true}}, {"model": "scanner.membershiptype", "pk": 18, "fields": {"remote_key": "18", "name": "Honorary + 2 Family Members", "allow_event_entry": true}}, {"model": "scanner.membershiptype", "pk": 19, "fields": {"remote_key": "19", "name": "Individual + 3 Family Members", "allow_event_entry": true}}, {"model": "scanner.membershiptype", "pk": 20, "fields": {"remote_key": "20", "name": "Individual + 4 Family Members", "allow_event_entry": true}}, {"model": "scanner.membershiptype", "pk": 21, "fields": {"remote_key": "21", "name": "Student B", "allow_event_entry": true}}, {"model": "scanner.membershipstatus", "pk": 1, "fields": {"remote_key": "1", "name": "New", "label": "New", "is_active": true}}, {"model": "scanner.membershipstatus", "pk": 2, "fields": {"remote_key": "2", "name": "Current", "label": "Current", "is_active": true}}, {"model": "scanner.membershipstatus", "pk": 3, "fields": {"remote_key": "3", "name": "Grace", "label": "Overdue", "is_active": true}}, {"model": "scanner.membershipstatus", "pk": 4, "fields": {"remote_key": "4", "name": "Expired", "label": "Expired", "is_active": false}}, {"model": "scanner.membershipstatus", "pk": 5, "fields": {"remote_key": "5", "name": "Pending", "label": "Pending", "is_active": false}}, {"model": "scanner.membershipstatus", "pk": 6, "fields": {"remote_key": "6", "name": "Cancelled", "label": "Cancelled", "is_active": false}}, {"model": "scanner.membershipstatus", "pk": 7, "fields": {"remote_key": "7", "name": "Deceased", "label": "Deceased", "is_active": false}}, {"model": "scanner.participantstatustype", "pk": 1, "fields": {"remote_key": "1", "name": "Registered"}}, {"model": "scanner.participantstatustype", "pk": 2, "fields": {"remote_key": "2", "name": "Attended"}}, {"model": "scanner.participantstatustype", "pk": 3, "fields": {"remote_key": "3", "name": "No-show"}}, {"model": "scanner.participantstatustype", "pk": 4, "fields": {"remote_key": "4", "name": "Cancelled"}}, {"model": "scanner.participantstatustype", "pk": 5, "fields": {"remote_key": "5", "name": "Pending from pay later"}}, {"model": "scanner.participantstatustype", "pk": 6, "fields": {"remote_key": "6", "name": "Pending from incomplete transaction"}}, {"model": "scanner.participantstatustype", "pk": 7, "fields": {"remote_key": "7", "name": "On waitlist"}}, {"model": "scanner.participantstatustype", "pk": 8, "fields": {"remote_key": "8", "name": "Awaiting approval"}}, {"model": "scanner.participantstatustype", "pk": 9, "fields": {"remote_key": "9", "name": "Pending from waitlist"}}, {"model": "scanner.participantstatustype", "pk": 10, "fields": {"remote_key": "10", "name": "Pending from approval"}}, {"model": "scanner.participantstatustype", "pk": 11, "fields": {"remote_key": "11", "name": "Rejected"}}, {"model": "scanner.participantstatustype", "pk": 12, "fields": {"remote_key": "12", "name": "Expired"}}, {"model": "scanner.participantstatustype", "pk": 13, "fields": {"remote_key": "13", "name": "Pending in cart"}}, {"model": "scanner.participantstatustype", "pk": 14, "fields": {"remote_key": "14", "name": "Partially paid"}}, {"model": "scanner.participantstatustype", "pk": 15, "fields": {"remote_key": "15", "name": "Pending refund"}}, {"model": "scanner.participantstatustype", "pk": 16, "fields": {"remote_key": "16", "name": "Transferred"}}, {"model": "scanner.contact", "pk": 141, "fields": {"remote_key": "4712", "first_name": "Boyd", "last_name": "Cassie", "membership_num": "47297", "email_address": null, "mobile_number": ""}}, {"model": "scanner.contact", "pk": 623, "fields": {"remote_key": "3386", "first_name": "Greg", "last_name": "Quinn", "membership_num": "47280", "email_address": null, "mobile_number": ""}}, {"model": "scanner.contact", "pk": 1999, "fields": {"remote_key": "4468", "first_name": "Gael", "last_name": "Odoacer", "membership_num": "47283", "email_address": null, "mobile_number": ""}}, {"model": "scanner.contact", "pk": 2528, "fields": {"remote_key": "3689", "first_name": "Thabang", "last_name": "Mahpiya", "membership_num": "47281", "email_address": null, "mobile_number": ""}}, {"model": "scanner.contact", "pk": 2682, "fields": {"remote_key": "2702", "first_name": "Agata", "last_name": "Phaenna", "membership_num": "47018", "email_address": null, "mobile_number": ""}}, {"model": "scanner.contact", "pk": 2807, "fields": {"remote_key": "3188", "first_name": "Romulus", "last_name": "Berny", "membership_num": "47211", "email_address": null, "mobile_number": ""}}, {"model": "scanner.membership", "pk": 2590, "fields": {"remote_key": "3615", "end_date": "2020-04-30T14:00:00Z", "contact": 2807, "status": 7, "type": 1}}, {"model": "scanner.membership", "pk": 2647, "fields": {"remote_key": "3703", "end_date": "2021-10-31T13:00:00Z", "contact": 2682, "status": 3, "type": 15}}, {"model": "scanner.membership", "pk": 2686, "fields": {"remote_key": "3758", "end_date": "2021-02-28T13:00:00Z", "contact": 623, "status": 6, "type": 3}}, {"model": "scanner.membership", "pk": 2689, "fields": {"remote_key": "3762", "end_date": null, "contact": 2528, "status": 5, "type": 3}}, {"model": "scanner.membership", "pk": 2691, "fields": {"remote_key": "3764", "end_date": "2021-02-28T13:00:00Z", "contact": 1999, "status": 4, "type": 3}}, {"model": "scanner.membership", "pk": 2725, "fields": {"remote_key": "3802", "end_date": "2022-10-31T13:00:00Z", "contact": 141, "status": 2, "type": 1}}, {"model": "scanner.address", "pk": 1, "fields": {"remote_key": "2498", "street_address": "479 Warrigal Rd", "city": "Moorabbin", "postal_code": "3189", "supplemental_address_1": "Suite 26", "supplemental_address_2": null, "supplemental_address_3": null}}, {"model": "scanner.address", "pk": 4, "fields": {"remote_key": "2926", "street_address": "Wadham House", "city": "Mount Waverley", "postal_code": "3149", "supplemental_address_1": "52 Wadham Parade", "supplemental_address_2": "(behind Public Library)", "supplemental_address_3": null}}, {"model": "scanner.address", "pk": 33, "fields": {"remote_key": "3008", "street_address": "Online Event", "city": null, "postal_code": null, "supplemental_address_1": "See Zoom Registration link", "supplemental_address_2": null, "supplemental_address_3": null}}, {"model": "scanner.address", "pk": 57, "fields": {"remote_key": "3055", "street_address": "Online Event", "city": null, "postal_code": null, "supplemental_address_1": null, "supplemental_address_2": null, "supplemental_address_3": null}}, {"model": "scanner.locblock", "pk": 1, "fields": {"remote_key": "1", "address": 1}}, {"model": "scanner.locblock", "pk": 5, "fields": {"remote_key": "6", "address": 4}}, {"model": "scanner.locblock", "pk": 39, "fields": {"remote_key": "46", "address": 33}}, {"model": "scanner.locblock", "pk": 66, "fields": {"remote_key": "75", "address": 57}}, {"model": "scanner.event", "pk": 940, "fields": {"remote_key": "16947", "title": "Genealogy East SIG - Online meeting", "start_time": "2021-07-15T04:00:00Z", "end_time": "2021-07-15T05:00:00Z", "loc_block": 39, "is_template": false}}, {"model": "scanner.event", "pk": 963, "fields": {"remote_key": "16971", "title": "MicroController Workshop - All day", "start_time": "2021-05-29T01:00:00Z", "end_time": "2021-05-29T12:00:00Z", "loc_block": 1, "is_template": false}}, {"model": "scanner.event", "pk": 1012, "fields": {"remote_key": "17022", "title": "Coder Dojo 2021", "start_time": "2022-01-12T03:00:00Z", "end_time": "2022-01-12T09:00:00Z", "loc_block": 66, "is_template": false}}, {"model": "scanner.event", "pk": 1021, "fields": {"remote_key": "17031", "title": "Digital Imagng SIG", "start_time": "2021-09-17T00:00:00Z", "end_time": "2021-09-17T02:00:00Z", "loc_block": 5, "is_template": false}}, {"model": "scanner.event", "pk": 1028, "fields": {"remote_key": "17038", "title": "Website Design SIG", "start_time": "2022-01-12T10:53:20Z", "end_time": "2022-01-12T12:59:00Z", "loc_block": 1, "is_template": false}}]